{
	"Shapes" : [
		{
			"assetId" : 1,
			"paths" : [
				{
					"color" : "#006600",
					"alpha" : 1,
					"d" : [
						"m",
						11.85,
						-78.599998,
						"q",
						10.9,
						-77.800003,
						10.2,
						-75.650002,
						"q",
						4.95,
						-59.849998,
						-3.95,
						-26.700001,
						"q",
						-12.7,
						5.85,
						-18.25,
						22.25,
						"q",
						-21.450001,
						31.75,
						-28.1,
						50.650002,
						"q",
						-33.5,
						67.199997,
						-35.200001,
						79.699997,
						"q",
						-35.400002,
						81.099998,
						-35.049999,
						82.150002,
						"q",
						-34.599998,
						83.400002,
						-33.599998,
						83.449997,
						"q",
						-31.799999,
						83.5,
						-31.35,
						80.400002,
						"q",
						-28.799999,
						64.400002,
						-21.049999,
						41.599998,
						"q",
						-12,
						16.200001,
						-8.05,
						3.35,
						"q",
						-5.7,
						-4.3,
						2.6,
						-36.299999,
						"q",
						8.9,
						-60.75,
						14.7,
						-75.449997,
						"q",
						15.55,
						-77.599998,
						14.85,
						-78.5,
						"q",
						14.4,
						-79.150002,
						13.45,
						-79.150002,
						"q",
						12.5,
						-79.150002,
						11.85,
						-78.599998,
						"c"
					],
					"stroke" : false
				}
			]
		},
		{
			"assetId" : 2,
			"paths" : [
				{
					"color" : "#006600",
					"alpha" : 1,
					"d" : [
						"m",
						12.2,
						-53.200001,
						"q",
						9.6,
						-54.200001,
						3.95,
						-54.200001,
						"q",
						-2.8,
						-54.200001,
						-6.15,
						-54,
						"q",
						-11.75,
						-53.650002,
						-16.1,
						-52.5,
						"q",
						-21.299999,
						-51.099998,
						-25.4,
						-48.400002,
						"q",
						-29.950001,
						-45.450001,
						-32.400002,
						-41.299999,
						"q",
						-33.75,
						-39.049999,
						-33.400002,
						-37.5,
						"q",
						-33.150002,
						-36.450001,
						-32.150002,
						-35.900002,
						"q",
						-31.200001,
						-35.299999,
						-30.35,
						-35.799999,
						"q",
						-29.799999,
						-36.150002,
						-29.450001,
						-36.950001,
						"q",
						-29.4,
						-37.049999,
						-29,
						-38.400002,
						"q",
						-27.9,
						-42.349998,
						-23.85,
						-45.099998,
						"q",
						-20.4,
						-47.400002,
						-15.55,
						-48.5,
						"q",
						-10.85,
						-49.549999,
						-4.85,
						-49.849998,
						"q",
						-1.05,
						-50,
						5.95,
						-49.849998,
						"q",
						9.5,
						-49.75,
						11.15,
						-49.150002,
						"q",
						13.7,
						-48.200001,
						16.200001,
						-45.25,
						"q",
						21.549999,
						-39.099998,
						23.299999,
						-30.75,
						"q",
						25.049999,
						-22.450001,
						22.6,
						-14.65,
						"q",
						20.799999,
						-8.85,
						16.1,
						-1.95,
						"q",
						8.65,
						9,
						-1.45,
						17.700001,
						"q",
						-5.5,
						21.15,
						-12.65,
						26.299999,
						"q",
						-21.299999,
						32.599998,
						-24,
						34.700001,
						"q",
						-37.299999,
						45.049999,
						-42.650002,
						55.650002,
						"q",
						-43.799999,
						58.150002,
						-43.099998,
						59.400002,
						"q",
						-42.150002,
						61.150002,
						-38.849998,
						60.599998,
						"q",
						-37,
						60.25,
						-34.400002,
						59.25,
						"q",
						-30.15,
						57.650002,
						-30.049999,
						57.599998,
						"q",
						-24.799999,
						55.799999,
						-17.9,
						55.200001,
						"q",
						-13.6,
						54.849998,
						-5.4,
						54.849998,
						"l",
						74.050003,
						54.849998,
						"q",
						75.400002,
						54.849998,
						76.400002,
						54.349998,
						"q",
						77.650002,
						53.75,
						77.5,
						52.75,
						"q",
						77.400002,
						51.049999,
						74.25,
						51.049999,
						"l",
						-4.65,
						50.75,
						"q",
						-14.5,
						50.75,
						-19.35,
						51.299999,
						"q",
						-29.15,
						52.450001,
						-38.099998,
						56.450001,
						"q",
						-36.150002,
						50.75,
						-30.75,
						45.400002,
						"q",
						-27.299999,
						42,
						-20.049999,
						36.75,
						"q",
						-7.8,
						27.85,
						-0.7,
						21.85,
						"q",
						9.5,
						13.15,
						16.35,
						4.55,
						"q",
						28.200001,
						-10.3,
						28.200001,
						-23.9,
						"q",
						28.200001,
						-35.099998,
						20.6,
						-45.799999,
						"q",
						16.65,
						-51.5,
						12.2,
						-53.200001,
						"c"
					],
					"stroke" : false
				}
			]
		},
		{
			"assetId" : 3,
			"paths" : [
				{
					"color" : "#006600",
					"alpha" : 1,